scan_index,test_gray,power_frame_1,power_frame_2,power_frame_3,power_mean,power_std,background_frame_1,background_frame_2,background_frame_3,background_mean,peak_frame_1,peak_frame_2,peak_frame_3,peak_max,saturated_frame_1,saturated_frame_2,saturated_frame_3,saturated_total,elapsed_s
0,255,3537.0,3645.0,3558.0,3580.0,57.262553208881634,0.0,0.0,0.0,0.0,2,2,3,3,0,0,0,0,1.4593240999984118
1,254,3391.0,3632.0,3623.0,3548.6666666666665,136.617470820292,0.0,0.0,0.0,0.0,2,2,2,2,0,0,0,0,2.904235799998787
2,253,3624.0,3519.0,3690.0,3611.0,86.23804264940155,0.0,0.0,0.0,0.0,2,2,2,2,0,0,0,0,4.343170399999508
3,252,3622.0,3663.0,3593.0,3626.0,35.17101079013795,0.0,0.0,0.0,0.0,2,2,2,2,0,0,0,0,5.778856299999461
4,251,3600.0,3656.0,3647.0,3634.3333333333335,30.072135496724098,0.0,0.0,0.0,0.0,2,2,2,2,0,0,0,0,7.235153799998443
5,250,3644.0,3503.0,3678.0,3608.3333333333335,92.79188182881805,0.0,0.0,0.0,0.0,2,3,2,3,0,0,0,0,8.678651700000046
6,249,3788.0,3608.0,3772.0,3722.6666666666665,99.62596716385409,0.0,0.0,0.0,0.0,2,2,2,2,0,0,0,0,10.140251599999829
7,248,3812.0,3743.0,3678.0,3744.3333333333335,67.00994951000436,0.0,0.0,0.0,0.0,2,2,2,2,0,0,0,0,11.61565729999893
8,247,3736.0,3608.0,3653.0,3665.6666666666665,64.93329911018947,0.0,0.0,0.0,0.0,3,3,3,3,0,0,0,0,13.09162429999924
9,246,3789.0,3772.0,3832.0,3797.6666666666665,30.924639582917266,0.0,0.0,0.0,0.0,2,2,2,2,0,0,0,0,14.540624999999636
10,245,3750.0,3711.0,3822.0,3761.0,56.31163290120435,0.0,0.0,0.0,0.0,2,2,3,3,0,0,0,0,15.981491099999403
11,244,3858.0,3925.0,3848.0,3877.0,41.86884283091664,0.0,0.0,0.0,0.0,3,3,3,3,0,0,0,0,17.437216499998613
12,243,3768.0,3983.0,3851.0,3867.3333333333335,108.42662649613946,0.0,0.0,0.0,0.0,2,2,3,3,0,0,0,0,18.876151599999503
13,242,3998.0,4078.0,4038.0,4038.0,40.0,0.0,0.0,0.0,0.0,2,2,3,3,0,0,0,0,20.336026399998445
14,241,4088.0,4186.0,4157.0,4143.666666666667,50.34216258101487,0.0,0.0,0.0,0.0,3,2,2,3,0,0,0,0,21.794120299999122
15,240,4135.0,4246.0,4154.0,4178.333333333333,59.366095823570326,0.0,0.0,0.0,0.0,2,2,2,2,0,0,0,0,23.283393499999875
16,239,4546.0,4441.0,4484.0,4490.333333333333,52.78573039499722,0.0,0.0,0.0,0.0,3,2,2,3,0,0,0,0,24.731774199999563
17,238,4549.0,4633.0,4511.0,4564.333333333333,62.42862591258383,0.0,0.0,0.0,0.0,2,3,2,3,0,0,0,0,26.204153799999403
18,237,4947.0,5041.0,4889.0,4959.0,76.70723564306043,0.0,0.0,0.0,0.0,2,2,2,2,0,0,0,0,27.651883499998803
19,236,5399.0,5421.0,5356.0,5392.0,33.06055050963308,0.0,0.0,0.0,0.0,2,2,2,2,0,0,0,0,29.12076429999979
20,235,6018.0,5959.0,5865.0,5947.333333333333,77.16432681837725,0.0,0.0,0.0,0.0,2,2,2,2,0,0,0,0,30.569596399998773
21,234,6803.0,6800.0,6790.0,6797.666666666667,6.8068592855540455,0.0,0.0,0.0,0.0,2,3,3,3,0,0,0,0,32.024843899998814
22,233,8274.0,8144.0,7906.0,8108.0,186.6226138494475,0.0,0.0,0.0,0.0,3,2,2,3,0,0,0,0,33.49521149999964
23,232,9458.0,9498.0,9309.0,9421.666666666666,99.60087014345473,0.0,0.0,0.0,0.0,2,2,2,2,0,0,0,0,34.95664719999877
24,231,12283.0,11413.0,11941.0,11879.0,438.30126625415994,0.0,0.0,0.0,0.0,2,2,3,3,0,0,0,0,36.40458849999959
25,230,14272.0,14450.0,14183.0,14301.666666666666,135.94974561702327,0.0,0.0,0.0,0.0,3,3,3,3,0,0,0,0,37.85776780000015
26,229,17477.0,17274.0,17573.0,17441.333333333332,152.65756887011312,0.0,0.0,0.0,0.0,3,3,3,3,0,0,0,0,39.32588629999918
27,228,20581.0,20697.0,20879.0,20719.0,150.2131818450032,0.0,0.0,0.0,0.0,3,3,3,3,0,0,0,0,40.79518250000001
28,227,24576.0,24902.0,24858.0,24778.666666666668,176.88791177842916,0.0,0.0,0.0,0.0,3,3,3,3,0,0,0,0,42.2610894999998
29,226,29180.0,28963.0,28916.0,29019.666666666668,140.82731742575135,0.0,0.0,0.0,0.0,3,3,3,3,0,0,0,0,43.7382834
30,225,33761.0,33916.0,33501.0,33726.0,209.7021697551077,0.0,0.0,0.0,0.0,3,4,3,4,0,0,0,0,45.19671869999911
31,224,38683.0,38414.0,38181.0,38426.0,251.21504732002023,0.0,0.0,0.0,0.0,4,4,4,4,0,0,0,0,46.65643519999867
32,223,44195.0,44352.0,44121.0,44222.666666666664,117.95903243640707,0.0,0.0,0.0,0.0,4,4,4,4,0,0,0,0,48.109161099999255
33,222,49635.0,49493.0,49265.0,49464.333333333336,186.6583331473131,0.0,0.0,0.0,0.0,4,4,4,4,0,0,0,0,49.582228599998416
34,221,55433.0,55790.0,55409.0,55544.0,213.37994282499938,0.0,0.0,0.0,0.0,4,4,4,4,0,0,0,0,51.048100899999554
35,220,62278.0,62474.0,62281.0,62344.333333333336,112.3046451992674,0.0,0.0,0.0,0.0,4,5,5,5,0,0,0,0,52.52360559999943
36,219,69814.0,69308.0,69463.0,69528.33333333333,259.2495580195525,0.0,0.0,0.0,0.0,5,5,5,5,0,0,0,0,53.97331599999961
37,218,76815.0,77025.0,76183.0,76674.33333333333,438.2708447219976,0.0,0.0,0.0,0.0,5,5,5,5,0,0,0,0,55.4423257999988
38,217,84334.0,84437.0,83651.0,84140.66666666667,427.17950949610554,0.0,0.0,0.0,0.0,5,5,5,5,0,0,0,0,56.90661419999924
39,216,92314.0,92383.0,92606.0,92434.33333333333,152.6182601569463,0.0,0.0,0.0,0.0,6,5,5,6,0,0,0,0,58.37109419999979
40,215,101768.0,101893.0,101444.0,101701.66666666667,231.7333237437666,0.0,0.0,0.0,0.0,6,6,6,6,0,0,0,0,59.83009099999981
41,214,110825.0,111330.0,111491.0,111215.33333333333,347.49148670626926,0.0,0.0,0.0,0.0,6,6,6,6,0,0,0,0,61.29487759999938
42,213,122621.0,121513.0,121892.0,122008.66666666667,563.1379345536344,0.0,0.0,0.0,0.0,7,7,7,7,0,0,0,0,62.755715999999666
43,212,132269.0,132265.0,132309.0,132281.0,24.331050121192877,0.0,0.0,0.0,0.0,7,7,7,7,0,0,0,0,64.23975919999975
44,211,144107.0,143629.0,143707.0,143814.33333333334,256.43972651157884,0.0,0.0,0.0,0.0,7,7,7,7,0,0,0,0,65.68646719999924
45,210,155295.0,155597.0,155776.0,155556.0,243.1069723393387,0.0,0.0,0.0,0.0,7,8,8,8,0,0,0,0,67.13902899999994
46,209,168117.0,169129.0,168506.0,168584.0,510.4889812718782,0.0,0.0,0.0,0.0,8,8,8,8,0,0,0,0,68.59137689999989
47,208,181617.0,181517.0,181764.0,181632.66666666666,124.24304138797204,0.0,0.0,0.0,0.0,8,9,9,9,0,0,0,0,70.05646889999844
48,207,194587.0,194686.0,194995.0,194756.0,212.81682264332395,0.0,0.0,0.0,0.0,9,9,9,9,0,0,0,0,71.51916179999898
49,206,209802.0,209093.0,209377.0,209424.0,356.8290907423328,0.0,0.0,0.0,0.0,10,10,10,10,0,0,0,0,72.9936392999989
50,205,225680.0,224871.0,224285.0,224945.33333333334,700.4643697814568,0.0,0.0,0.0,0.0,10,10,10,10,0,0,0,0,74.45566359999975
51,204,240586.0,241366.0,240636.0,240862.66666666666,436.6157731156003,0.0,0.0,0.0,0.0,10,10,11,11,0,0,0,0,75.91527439999845
52,203,258225.0,257366.0,256885.0,257492.0,678.8276659064508,0.0,0.0,0.0,0.0,11,11,11,11,0,0,0,0,77.37232789999871
53,202,274357.0,273246.0,276280.0,274627.6666666667,1535.0030401707136,0.0,0.0,0.0,0.0,11,12,12,12,0,0,0,0,78.82829259999926
54,201,293713.0,292613.0,293235.0,293187.0,551.5686720617841,0.0,0.0,0.0,0.0,12,12,13,13,0,0,0,0,80.29451679999875
55,200,310204.0,310557.0,310508.0,310423.0,191.23545696339892,0.0,0.0,0.0,0.0,13,13,13,13,0,0,0,0,81.76413959999991
56,199,330897.0,331242.0,329474.0,330537.6666666667,937.1746546579956,0.0,0.0,0.0,0.0,14,13,13,14,0,0,0,0,83.22485609999967
57,198,351711.0,350565.0,351401.0,351225.6666666667,592.7776424034001,0.0,0.0,0.0,0.0,14,13,14,14,0,0,0,0,84.69207279999864
58,197,373582.0,372580.0,373050.0,373070.6666666667,501.3195920102598,0.0,0.0,0.0,0.0,14,14,15,15,0,0,0,0,86.1440621999991
59,196,394308.0,395059.0,394659.0,394675.3333333333,375.76632809943646,0.0,0.0,0.0,0.0,15,15,15,15,0,0,0,0,87.60832589999882
60,195,417017.0,419549.0,418681.0,418415.6666666667,1286.6846285447468,0.0,0.0,0.0,0.0,16,16,16,16,0,0,0,0,89.07432699999845
61,194,442373.0,441662.0,442931.0,442322.0,636.0353763746165,0.0,0.0,0.0,0.0,17,16,17,17,0,0,0,0,90.54213170000003
62,193,467828.0,466266.0,466141.0,466745.0,939.9856381881586,0.0,0.0,0.0,0.0,18,17,17,18,0,0,0,0,92.01484079999864
63,192,491217.0,490576.0,491299.0,491030.6666666667,395.88171634129975,0.0,0.0,0.0,0.0,18,17,18,18,0,0,0,0,93.47304900000017
64,191,520101.0,519181.0,519077.0,519453.0,563.5885023667533,0.0,0.0,0.0,0.0,19,18,18,19,0,0,0,0,94.92431899999974
65,190,544368.0,544161.0,543966.0,544165.0,201.02984853001308,0.0,0.0,0.0,0.0,20,20,20,20,0,0,0,0,96.39274619999924
66,189,575288.0,575955.0,574713.0,575318.6666666666,621.5676418004184,0.0,0.0,0.0,0.0,21,21,21,21,0,0,0,0,97.8507484999991
67,188,602295.0,603760.0,602917.0,602990.6666666666,735.272965185946,0.0,0.0,0.0,0.0,22,21,22,22,0,0,0,0,99.32439109999905
68,187,633588.0,633163.0,632590.0,633113.6666666666,500.8256516327147,0.0,0.0,0.0,0.0,22,23,22,23,0,0,0,0,100.78088669999852
69,186,665398.0,665101.0,663823.0,664774.0,836.8709577945694,0.0,0.0,0.0,0.0,24,23,24,24,0,0,0,0,102.25107039999966
70,185,696735.0,696561.0,695608.0,696301.3333333334,606.7143754134505,0.0,0.0,0.0,0.0,24,24,24,24,0,0,0,0,103.70850599999903
71,184,730751.0,729802.0,731355.0,730636.0,782.860779449322,0.0,0.0,0.0,0.0,26,26,25,26,0,0,0,0,105.16829759999928
72,183,765960.0,765835.0,763873.0,765222.6666666666,1170.5154135394089,0.0,0.0,0.0,0.0,26,27,28,28,0,0,0,0,106.6272801999985
73,182,800692.0,798749.0,797804.0,799081.6666666666,1472.4592807046765,0.0,0.0,0.0,0.0,28,28,27,28,0,0,0,0,108.07691619999969
74,181,837766.0,837160.0,838249.0,837725.0,545.656485345863,0.0,0.0,0.0,0.0,30,28,29,30,0,0,0,0,109.54173609999998
75,180,871814.0,870044.0,872180.0,871346.0,1142.3186945857096,0.0,0.0,0.0,0.0,31,30,30,31,0,0,0,0,111.01199009999982
76,179,912412.0,912457.0,910897.0,911922.0,887.9611477987086,0.0,0.0,0.0,0.0,32,31,32,32,0,0,0,0,112.46376109999983
77,178,950790.0,949738.0,949707.0,950078.3333333334,616.5162879708315,0.0,0.0,0.0,0.0,32,33,33,33,0,0,0,0,113.9150437999997
78,177,991731.0,990318.0,993539.0,991862.6666666666,1614.5316142254178,0.0,0.0,0.0,0.0,35,34,35,35,0,0,0,0,115.3627351999985
79,176,1034719.0,1032183.0,1033227.0,1033376.3333333334,1274.5781001309153,0.0,0.0,0.0,0.0,36,35,35,36,0,0,0,0,116.8190657999985
80,175,1077667.0,1075230.0,1076075.0,1076324.0,1237.4340386461008,0.0,0.0,0.0,0.0,38,37,37,38,0,0,0,0,118.28214689999913
81,174,1120101.0,1120677.0,1119851.0,1120209.6666666667,423.58627613903326,0.0,0.0,0.0,0.0,38,38,39,39,0,0,0,0,119.7485388999994
82,173,1167623.0,1165929.0,1165920.0,1166490.6666666667,980.6397571653584,0.0,0.0,0.0,0.0,40,40,40,40,0,0,0,0,121.1924283999997
83,172,1213775.0,1212379.0,1213662.0,1213272.0,775.421820688585,0.0,0.0,0.0,0.0,42,40,42,42,0,0,0,0,122.63890919999903
84,171,1262519.0,1262973.0,1261331.0,1262274.3333333333,847.9017238650557,0.0,0.0,0.0,0.0,44,43,43,44,0,0,0,0,124.04030079999939
85,170,1313285.0,1312043.0,1312175.0,1312501.0,682.164203106554,0.0,0.0,0.0,0.0,44,46,46,46,0,0,0,0,125.5191079999986
86,169,1361926.0,1363279.0,1364055.0,1363086.6666666667,1077.4527058452882,0.0,0.0,0.0,0.0,46,47,46,47,0,0,0,0,126.98003459999927
87,168,1418019.0,1418250.0,1416162.0,1417477.0,1144.6654533093938,0.0,0.0,0.0,0.0,50,48,47,50,0,0,0,0,128.44158069999867
88,167,1468186.0,1468911.0,1468760.0,1468619.0,382.51405202946466,0.0,0.0,0.0,0.0,50,52,49,52,0,0,0,0,129.8943150999985
89,166,1528305.0,1526621.0,1524892.0,1526606.0,1706.5494425887578,0.0,0.0,0.0,0.0,50,53,52,53,0,0,0,0,131.3753676999986
90,165,1583329.0,1579813.0,1583027.0,1582056.3333333333,1948.642946599847,0.0,0.0,0.0,0.0,54,53,55,55,0,0,0,0,132.82150159999946
91,164,1639943.0,1638795.0,1638363.0,1639033.6666666667,816.5912890383618,0.0,0.0,0.0,0.0,56,55,56,56,0,0,0,0,134.28170169999976
92,163,1699440.0,1696889.0,1697962.0,1698097.0,1280.8469853967724,0.0,0.0,0.0,0.0,58,56,59,59,0,0,0,0,135.73354459999973
93,162,1759781.0,1757826.0,1755948.0,1757851.6666666667,1916.628898178605,0.0,0.0,0.0,0.0,59,60,60,60,0,0,0,0,137.18254909999996
94,161,1817573.0,1819419.0,1822358.0,1819783.3333333333,2413.215766012922,0.0,0.0,0.0,0.0,63,60,63,63,0,0,0,0,138.6411520999991
95,160,1883793.0,1880238.0,1882279.0,1882103.3333333333,1783.9984118079628,0.0,0.0,0.0,0.0,64,65,65,65,0,0,0,0,140.0891976999992
96,159,1949592.0,1946906.0,1952356.0,1949618.0,2725.093025935078,0.0,0.0,0.0,0.0,67,66,65,67,0,0,0,0,141.55018089999976
97,158,2017906.0,2020527.0,2015533.0,2017988.6666666667,2498.0260874004766,0.0,0.0,0.0,0.0,69,68,68,69,0,0,0,0,143.02236579999953
98,157,2083320.0,2082727.0,2085778.0,2083941.6666666667,1617.7151582813747,0.0,0.0,0.0,0.0,70,69,69,70,0,0,0,0,144.4714626999994
99,156,2151598.0,2154537.0,2155143.0,2153759.3333333335,1896.1356315763207,0.0,0.0,0.0,0.0,74,73,74,74,0,0,0,0,145.9321648999994
100,155,2221350.0,2225692.0,2222782.0,2223274.6666666665,2212.528267239389,0.0,0.0,0.0,0.0,77,77,76,77,0,0,0,0,147.3257536000001
101,154,2286756.0,2291301.0,2290046.0,2289367.6666666665,2347.20223528637,0.0,0.0,0.0,0.0,76,79,78,79,0,0,0,0,148.80109569999877
102,153,2365880.0,2363440.0,2362978.0,2364099.3333333335,1559.3079661610573,0.0,0.0,0.0,0.0,79,80,81,81,0,0,0,0,150.28488779999861
103,152,2434866.0,2435229.0,2432865.0,2434320.0,1273.0714826748733,0.0,0.0,0.0,0.0,81,83,81,83,0,0,0,0,151.77482419999978
104,151,2512416.0,2514579.0,2509729.0,2512241.3333333335,2429.713220389051,0.0,0.0,0.0,0.0,86,86,86,86,0,0,0,0,153.23788269999932
105,150,2585022.0,2587659.0,2585358.0,2586013.0,1435.3435128916005,0.0,0.0,0.0,0.0,86,87,86,87,0,0,0,0,154.7070291
106,149,2664507.0,2661283.0,2661754.0,2662514.6666666665,1741.408720930653,0.0,0.0,0.0,0.0,90,91,91,91,0,0,0,0,156.18133659999876
107,148,2743850.0,2742563.0,2741043.0,2742485.3333333335,1405.1107904123908,0.0,0.0,0.0,0.0,89,92,89,92,0,0,0,0,157.65577399999893
108,147,2816634.0,2815516.0,2815584.0,2815911.3333333335,626.7705587639973,0.0,0.0,0.0,0.0,93,92,94,94,0,0,0,0,159.1190706999987
109,146,2902245.0,2898637.0,2897142.0,2899341.3333333335,2623.397860282221,0.0,0.0,0.0,0.0,97,99,98,99,0,0,0,0,160.59037609999905
110,145,2980543.0,2979182.0,2984024.0,2981249.6666666665,2497.1532458648453,0.0,0.0,0.0,0.0,102,101,99,102,0,0,0,0,162.06828159999895
111,144,3063021.0,3061831.0,3060135.0,3061662.3333333335,1450.3742045876756,0.0,0.0,0.0,0.0,103,103,101,103,0,0,0,0,163.5475907
112,143,3146394.0,3149739.0,3145914.0,3147349.0,2083.668639683383,0.0,0.0,0.0,0.0,104,105,109,109,0,0,0,0,165.01388619999852
113,142,3228327.0,3226577.0,3231163.0,3228689.0,2314.331869028295,0.0,0.0,0.0,0.0,107,107,107,107,0,0,0,0,166.4963802000002
114,141,3318031.0,3322753.0,3321873.0,3320885.6666666665,2511.0637851980846,0.0,0.0,0.0,0.0,109,111,111,111,0,0,0,0,167.95768309999949
115,140,3401951.0,3403473.0,3399988.0,3401804.0,1747.1442413263994,0.0,0.0,0.0,0.0,113,115,112,115,0,0,0,0,169.44876399999885
116,139,3489549.0,3487695.0,3489672.0,3488972.0,1107.6231308527283,0.0,0.0,0.0,0.0,117,118,116,118,0,0,0,0,170.92280629999914
117,138,3575603.0,3577239.0,3569967.0,3574269.6666666665,3814.94814294157,0.0,0.0,0.0,0.0,117,119,118,119,0,0,0,0,172.39746539999942
118,137,3662152.0,3669598.0,3668333.0,3666694.3333333335,3984.300482309703,0.0,0.0,0.0,0.0,121,123,122,123,0,0,0,0,173.86496559999978
119,136,3755762.0,3754849.0,3753378.0,3754663.0,1202.8345688414513,0.0,0.0,0.0,0.0,123,123,129,129,0,0,0,0,175.3404690999996
120,135,3839322.0,3841194.0,3837412.0,3839309.3333333335,1891.0318171129043,0.0,0.0,0.0,0.0,125,126,125,126,0,0,0,0,176.82164059999923
121,134,3932296.0,3930623.0,3927926.0,3930281.6666666665,2204.905062204115,0.0,0.0,0.0,0.0,132,127,128,132,0,0,0,0,178.29669339999964
122,133,4018225.0,4019604.0,4023290.0,4020373.0,2618.602107995791,0.0,0.0,0.0,0.0,132,134,133,134,0,0,0,0,179.76629219999995
123,132,4109992.0,4106874.0,4114036.0,4110300.6666666665,3590.9632876615897,0.0,0.0,0.0,0.0,130,133,135,135,0,0,0,0,181.24620849999883
124,131,4206357.0,4197876.0,4197342.0,4200525.0,5057.7126252882335,0.0,0.0,0.0,0.0,136,135,140,140,0,0,0,0,182.7337013999986
125,130,4283822.0,4288170.0,4282722.0,4284904.666666667,2880.8508002556,0.0,0.0,0.0,0.0,139,139,139,139,0,0,0,0,184.19249639999907
126,129,4377158.0,4371820.0,4375338.0,4374772.0,2713.6374112987164,0.0,0.0,0.0,0.0,143,143,140,143,0,0,0,0,185.65811739999845
127,128,4463792.0,4462109.0,4466342.0,4464081.0,2131.246818179443,0.0,0.0,0.0,0.0,145,143,145,145,0,0,0,0,187.13534479999907
128,127,4550522.0,4557330.0,4552089.0,4553313.666666667,3565.3993231240356,0.0,0.0,0.0,0.0,145,147,146,147,0,0,0,0,188.5955944999987
129,126,4631343.0,4639882.0,4633028.0,4634751.0,4522.739988104556,0.0,0.0,0.0,0.0,152,152,149,152,0,0,0,0,190.0673184999996
130,125,4720733.0,4724233.0,4721708.0,4722224.666666667,1806.2968563703291,0.0,0.0,0.0,0.0,152,152,152,152,0,0,0,0,191.54078859999936
131,124,4808026.0,4806768.0,4807081.0,4807291.666666667,654.924677602954,0.0,0.0,0.0,0.0,152,155,151,155,0,0,0,0,192.9876867999992
132,123,4890115.0,4887622.0,4888700.0,4888812.333333333,1250.2904995773317,0.0,0.0,0.0,0.0,154,156,157,157,0,0,0,0,194.4453259999991
133,122,4977794.0,4968653.0,4967757.0,4971401.333333333,5554.308627843193,0.0,0.0,0.0,0.0,156,156,153,156,0,0,0,0,195.8974105999987
134,121,5052478.0,5056760.0,5055442.0,5054893.333333333,2193.093097279122,0.0,0.0,0.0,0.0,160,159,158,160,0,0,0,0,197.34315529999913
135,120,5134651.0,5137456.0,5140700.0,5137602.333333333,3027.1538337741167,0.0,0.0,0.0,0.0,159,162,162,162,0,0,0,0,198.80576219999966
136,119,5223855.0,5216979.0,5218765.0,5219866.333333333,3567.848838352507,0.0,0.0,0.0,0.0,169,164,168,169,0,0,0,0,200.28583219999928
137,118,5300438.0,5291134.0,5298870.0,5296814.0,4981.10991647444,0.0,0.0,0.0,0.0,165,168,167,168,0,0,0,0,201.76393749999988
138,117,5371991.0,5367269.0,5373461.0,5370907.0,3235.198293768096,0.0,0.0,0.0,0.0,168,169,170,170,0,0,0,0,203.22878899999887
139,116,5443514.0,5445115.0,5440538.0,5443055.666666667,2322.667503826868,0.0,0.0,0.0,0.0,172,169,169,172,0,0,0,0,204.71248269999887
140,115,5508938.0,5512300.0,5513006.0,5511414.666666667,2173.7104989702134,0.0,0.0,0.0,0.0,170,172,172,172,0,0,0,0,206.12375839999913
141,114,5577252.0,5577931.0,5573570.0,5576251.0,2346.5039953087658,0.0,0.0,0.0,0.0,172,175,176,176,0,0,0,0,207.6034534999999
142,113,5630294.0,5641816.0,5638558.0,5636889.333333333,5939.482918010063,0.0,0.0,0.0,0.0,174,172,176,176,0,0,0,0,209.0665427999993
143,112,5703609.0,5703913.0,5702191.0,5703237.666666667,919.0959326062397,0.0,0.0,0.0,0.0,174,172,172,174,0,0,0,0,210.55062029999863
144,111,5758493.0,5760255.0,5763099.0,5760615.666666667,2324.0846226704684,0.0,0.0,0.0,0.0,176,177,179,179,0,0,0,0,212.02188489999935
145,110,5812557.0,5810462.0,5807349.0,5810122.666666667,2620.5297810430116,0.0,0.0,0.0,0.0,175,177,174,177,0,0,0,0,213.49769860000015
146,109,5859975.0,5862226.0,5858453.0,5860218.0,1898.2015172262402,0.0,0.0,0.0,0.0,177,177,176,177,0,0,0,0,214.94895819999874
147,108,5906833.0,5907869.0,5896841.0,5903847.666666667,6090.021127494824,0.0,0.0,0.0,0.0,180,176,178,180,0,0,0,0,216.37960459999886
148,107,5947880.0,5945689.0,5944953.0,5946174.0,1522.580375546723,0.0,0.0,0.0,0.0,177,182,179,182,0,0,0,0,217.82387740000013
149,106,5987732.0,5990518.0,5984285.0,5987511.666666667,3122.3360378622497,0.0,0.0,0.0,0.0,180,178,184,184,0,0,0,0,219.28702369999883
150,105,6021096.0,6021216.0,6018160.0,6020157.333333333,1730.7817116359108,0.0,0.0,0.0,0.0,180,182,183,183,0,0,0,0,220.7507888
151,104,6049408.0,6046483.0,6047524.0,6047805.0,1482.6081748054676,0.0,0.0,0.0,0.0,177,180,184,184,0,0,0,0,222.22288619999927
152,103,6079330.0,6075044.0,6071156.0,6075176.666666667,4088.61459828795,0.0,0.0,0.0,0.0,181,184,178,184,0,0,0,0,223.70677669999895
153,102,6103675.0,6096095.0,6094133.0,6097967.666666667,5039.107196055004,0.0,0.0,0.0,0.0,181,178,176,181,0,0,0,0,225.1777707000001
154,101,6122798.0,6112372.0,6112402.0,6115857.333333333,6010.81236883446,0.0,0.0,0.0,0.0,181,179,184,184,0,0,0,0,226.65049349999936
155,100,6125124.0,6131547.0,6132268.0,6129646.333333333,3933.012119652485,0.0,0.0,0.0,0.0,182,178,184,184,0,0,0,0,228.12185979999958
156,99,6143769.0,6140559.0,6139914.0,6141414.0,2064.830501518224,0.0,0.0,0.0,0.0,180,179,180,180,0,0,0,0,229.58350280000013
157,98,6139231.0,6139869.0,6140435.0,6139845.0,602.358697123234,0.0,0.0,0.0,0.0,180,181,180,181,0,0,0,0,231.0451725999992
158,97,6142554.0,6143641.0,6137261.0,6141152.0,3413.2540192607994,0.0,0.0,0.0,0.0,178,176,177,178,0,0,0,0,232.49982079999972
159,96,6133754.0,6137410.0,6142138.0,6137767.333333333,4203.406872208939,0.0,0.0,0.0,0.0,175,178,177,178,0,0,0,0,233.9553522999995
160,95,6126908.0,6128995.0,6126508.0,6127470.333333333,1335.4610939047732,0.0,0.0,0.0,0.0,178,176,178,178,0,0,0,0,235.407776
161,94,6109743.0,6110142.0,6110037.0,6109974.0,206.8260138377182,0.0,0.0,0.0,0.0,178,175,177,178,0,0,0,0,236.87223939999967
162,93,6088011.0,6084774.0,6089653.0,6087479.333333333,2482.5717176616135,0.0,0.0,0.0,0.0,175,177,175,177,0,0,0,0,238.33834299999944
163,92,6054559.0,6056329.0,6056692.0,6055860.0,1141.2243425374347,0.0,0.0,0.0,0.0,167,174,172,174,0,0,0,0,239.80450070000006
164,91,6022109.0,6027947.0,6020789.0,6023615.0,3809.2345687815027,0.0,0.0,0.0,0.0,168,167,169,169,0,0,0,0,241.25283209999907
165,90,5986142.0,5983808.0,5989284.0,5986411.333333333,2747.9172719231074,0.0,0.0,0.0,0.0,168,171,169,171,0,0,0,0,242.70864849999998
166,89,5939660.0,5937454.0,5940505.0,5939206.333333333,1575.2810331281632,0.0,0.0,0.0,0.0,164,167,167,167,0,0,0,0,244.1686144999985
167,88,5891123.0,5892185.0,5886139.0,5889815.666666667,3228.059685528341,0.0,0.0,0.0,0.0,168,164,165,168,0,0,0,0,245.63176369999928
168,87,5836796.0,5836411.0,5829393.0,5834200.0,4167.432422967408,0.0,0.0,0.0,0.0,164,164,162,164,0,0,0,0,247.08729409999978
169,86,5778696.0,5769831.0,5768798.0,5772441.666666667,5440.982111102125,0.0,0.0,0.0,0.0,162,160,156,162,0,0,0,0,248.55094689999896
170,85,5703173.0,5702117.0,5703700.0,5702996.666666667,806.0969751421558,0.0,0.0,0.0,0.0,158,159,159,159,0,0,0,0,250.0051929000001
171,84,5626114.0,5630999.0,5627354.0,5628155.666666667,2539.2534992263636,0.0,0.0,0.0,0.0,158,155,149,158,0,0,0,0,251.45708769999874
172,83,5559036.0,5550609.0,5542516.0,5550720.333333333,8260.56271287455,0.0,0.0,0.0,0.0,158,154,152,158,0,0,0,0,252.9203097999998
173,82,5459766.0,5458296.0,5456440.0,5458167.333333333,1666.7289321702356,0.0,0.0,0.0,0.0,150,151,152,152,0,0,0,0,254.4057374999993
174,81,5376066.0,5372273.0,5368498.0,5372279.0,3784.003567651595,0.0,0.0,0.0,0.0,146,145,147,147,0,0,0,0,255.85397479999847
175,80,5280184.0,5278722.0,5273020.0,5277308.666666667,3785.3477163047164,0.0,0.0,0.0,0.0,141,143,142,143,0,0,0,0,257.31382119999944
176,79,5170278.0,5180459.0,5179039.0,5176592.0,5513.986488920697,0.0,0.0,0.0,0.0,134,141,141,141,0,0,0,0,258.7760741000002
177,78,5078933.0,5075904.0,5077342.0,5077393.0,1515.1438875565582,0.0,0.0,0.0,0.0,136,138,134,138,0,0,0,0,260.25607729999865
178,77,4965588.0,4967990.0,4967621.0,4967066.333333333,1293.5000322123435,0.0,0.0,0.0,0.0,132,132,132,132,0,0,0,0,261.7087832999987
179,76,4857442.0,4850730.0,4854330.0,4854167.333333333,3358.955393174094,0.0,0.0,0.0,0.0,129,129,129,129,0,0,0,0,263.1714403999995
180,75,4742699.0,4738542.0,4737183.0,4739474.666666667,2873.841389731405,0.0,0.0,0.0,0.0,124,126,123,126,0,0,0,0,264.61988609999935
181,74,4615157.0,4614593.0,4613225.0,4614325.0,993.4908152569907,0.0,0.0,0.0,0.0,121,121,121,121,0,0,0,0,266.08456939999996
182,73,4492189.0,4487385.0,4492404.0,4490659.333333333,2837.6927834657035,0.0,0.0,0.0,0.0,115,117,120,120,0,0,0,0,267.54499939999914
183,72,4360462.0,4363733.0,4355041.0,4359745.333333333,4390.093886619435,0.0,0.0,0.0,0.0,114,113,111,114,0,0,0,0,269.0008586999993
184,71,4226413.0,4228501.0,4228698.0,4227870.666666667,1266.2133838075372,0.0,0.0,0.0,0.0,108,110,111,111,0,0,0,0,270.4545013999996
185,70,4094588.0,4093769.0,4084970.0,4091109.0,5332.277280862277,0.0,0.0,0.0,0.0,107,105,107,107,0,0,0,0,271.9047307000001
186,69,3958078.0,3951722.0,3946413.0,3952071.0,5840.325932685607,0.0,0.0,0.0,0.0,102,102,101,102,0,0,0,0,273.36999879999894
187,68,3817085.0,3808800.0,3806251.0,3810712.0,5664.423801235214,0.0,0.0,0.0,0.0,98,95,95,98,0,0,0,0,274.83901569999944
188,67,3669732.0,3666442.0,3672240.0,3669471.3333333335,2907.776011547886,0.0,0.0,0.0,0.0,93,93,95,95,0,0,0,0,276.29650690000017
189,66,3524937.0,3524948.0,3522398.0,3524094.3333333335,1469.078055561832,0.0,0.0,0.0,0.0,90,92,90,92,0,0,0,0,277.76841499999864
190,65,3393281.0,3383137.0,3382445.0,3386287.6666666665,6066.2796946178905,0.0,0.0,0.0,0.0,85,87,87,87,0,0,0,0,279.22420559999955
191,64,3238840.0,3234593.0,3236573.0,3236668.6666666665,2125.1156046985616,0.0,0.0,0.0,0.0,85,83,83,85,0,0,0,0,280.7052872999993
192,63,3091273.0,3089374.0,3092131.0,3090926.0,1410.8752602551367,0.0,0.0,0.0,0.0,80,81,81,81,0,0,0,0,282.1530991999989
193,62,2936634.0,2942026.0,2937214.0,2938624.6666666665,2959.8819796291427,0.0,0.0,0.0,0.0,77,78,77,78,0,0,0,0,283.6139884999993
194,61,2804026.0,2799933.0,2794431.0,2799463.3333333335,4814.711448605548,0.0,0.0,0.0,0.0,74,72,73,74,0,0,0,0,285.07948739999847
195,60,2649514.0,2644543.0,2649756.0,2647937.6666666665,2942.356595202786,0.0,0.0,0.0,0.0,71,70,71,71,0,0,0,0,286.5417177999989
196,59,2500283.0,2503408.0,2497790.0,2500493.6666666665,2814.918530496635,0.0,0.0,0.0,0.0,68,68,67,68,0,0,0,0,288.0044005999989
197,58,2357934.0,2358035.0,2357717.0,2357895.3333333335,162.4879482710436,0.0,0.0,0.0,0.0,64,64,64,64,0,0,0,0,289.4545670999996
198,57,2200677.0,2206783.0,2205746.0,2204402.0,3267.3477011178347,0.0,0.0,0.0,0.0,60,60,59,60,0,0,0,0,290.9168953999997
199,56,2062138.0,2069036.0,2069742.0,2066972.0,4201.223155225154,0.0,0.0,0.0,0.0,57,56,58,58,0,0,0,0,292.37314999999944
200,55,1921942.0,1924625.0,1919516.0,1922027.6666666667,2555.577103773888,0.0,0.0,0.0,0.0,54,53,54,54,0,0,0,0,293.8411449999985
201,54,1777013.0,1776435.0,1781307.0,1778251.6666666667,2661.732017565505,0.0,0.0,0.0,0.0,49,51,51,51,0,0,0,0,295.30566980000003
202,53,1648730.0,1647577.0,1651137.0,1649148.0,1816.4368967844714,0.0,0.0,0.0,0.0,48,47,48,48,0,0,0,0,296.76992919999975
203,52,1509898.0,1507725.0,1508202.0,1508608.3333333333,1142.064942695175,0.0,0.0,0.0,0.0,44,45,44,45,0,0,0,0,298.2276388999999
204,51,1383201.0,1382953.0,1379915.0,1382023.0,1829.7879658583395,0.0,0.0,0.0,0.0,43,42,40,43,0,0,0,0,299.68384909999986
205,50,1258384.0,1259031.0,1258427.0,1258614.0,361.7720276638314,0.0,0.0,0.0,0.0,39,39,39,39,0,0,0,0,301.15379799999937
206,49,1132958.0,1129065.0,1131014.0,1131012.3333333333,1946.5005351484836,0.0,0.0,0.0,0.0,35,34,36,36,0,0,0,0,302.6108236
207,48,1021986.0,1024289.0,1022105.0,1022793.3333333334,1296.651199564992,0.0,0.0,0.0,0.0,32,33,33,33,0,0,0,0,304.08361759999934
208,47,903510.0,901617.0,902835.0,902654.0,959.3919949634768,0.0,0.0,0.0,0.0,30,29,30,30,0,0,0,0,305.54003569999986
209,46,799101.0,798286.0,798896.0,798761.0,423.93985422462936,0.0,0.0,0.0,0.0,27,27,27,27,0,0,0,0,306.9988102999996
210,45,696804.0,699244.0,697580.0,697876.0,1246.6402849258482,0.0,0.0,0.0,0.0,25,24,25,25,0,0,0,0,308.46723810000003
211,44,599494.0,605212.0,600825.0,601843.6666666666,2992.013090434822,0.0,0.0,0.0,0.0,21,22,21,22,0,0,0,0,309.9336136999991
212,43,517022.0,515568.0,517233.0,516607.6666666667,906.5375520811773,0.0,0.0,0.0,0.0,19,20,20,20,0,0,0,0,311.3972262999996
213,42,437962.0,437151.0,439854.0,438322.3333333333,1387.058878827187,0.0,0.0,0.0,0.0,18,17,17,18,0,0,0,0,312.87251749999996
214,41,362598.0,361571.0,363217.0,362462.0,831.384989039374,0.0,0.0,0.0,0.0,15,15,15,15,0,0,0,0,314.3440830999989
215,40,299948.0,298769.0,298685.0,299134.0,706.1947323507873,0.0,0.0,0.0,0.0,13,14,13,14,0,0,0,0,315.8151840999999
216,39,237781.0,238874.0,238798.0,238484.33333333334,610.2887294824749,0.0,0.0,0.0,0.0,12,11,12,12,0,0,0,0,317.2869848999999
217,38,189307.0,188220.0,189358.0,188961.66666666666,642.8081621551902,0.0,0.0,0.0,0.0,10,10,10,10,0,0,0,0,318.74417469999935
218,37,146069.0,146674.0,145801.0,146181.33333333334,447.20949602320985,0.0,0.0,0.0,0.0,8,8,8,8,0,0,0,0,320.1987195999991
219,36,111949.0,112782.0,112079.0,112270.0,448.1439500874691,0.0,0.0,0.0,0.0,7,7,7,7,0,0,0,0,321.6654598999994
220,35,85232.0,85279.0,85482.0,85331.0,132.8645927250748,0.0,0.0,0.0,0.0,6,6,6,6,0,0,0,0,323.11744199999885
221,34,64918.0,65184.0,65126.0,65076.0,139.8713694792469,0.0,0.0,0.0,0.0,4,5,5,5,0,0,0,0,324.5767694999995
222,33,53192.0,53429.0,53337.0,53319.333333333336,119.48361114953521,0.0,0.0,0.0,0.0,4,4,4,4,0,0,0,0,326.0522684999996
223,32,47356.0,47155.0,47370.0,47293.666666666664,120.29269858696053,0.0,0.0,0.0,0.0,3,3,3,3,0,0,0,0,327.5096794000001
224,31,47363.0,47121.0,47346.0,47276.666666666664,135.07898923716203,0.0,0.0,0.0,0.0,3,3,3,3,0,0,0,0,328.9694321999996
225,30,55356.0,55054.0,54634.0,55014.666666666664,362.603548429043,0.0,0.0,0.0,0.0,4,4,4,4,0,0,0,0,330.4337625999997
226,29,72119.0,72364.0,72917.0,72466.66666666667,408.7864152993997,0.0,0.0,0.0,0.0,5,5,6,6,0,0,0,0,331.89563439999984
227,28,96887.0,97423.0,97759.0,97356.33333333333,439.80601784574674,0.0,0.0,0.0,0.0,7,7,6,7,0,0,0,0,333.3796592999988
228,27,127604.0,127079.0,127743.0,127475.33333333333,350.2004188080496,0.0,0.0,0.0,0.0,8,8,8,8,0,0,0,0,334.8400124999989
229,26,165170.0,165230.0,165732.0,165377.33333333334,308.61194619348964,0.0,0.0,0.0,0.0,10,10,10,10,0,0,0,0,336.30654460000005
230,25,205544.0,206115.0,206999.0,206219.33333333334,733.0895807016584,0.0,0.0,0.0,0.0,11,12,12,12,0,0,0,0,337.77315759999874
231,24,255092.0,255223.0,255827.0,255380.66666666666,392.0463407982956,0.0,0.0,0.0,0.0,13,13,14,14,0,0,0,0,339.2366837999998
232,23,308593.0,307685.0,308297.0,308191.6666666667,463.07378821666566,0.0,0.0,0.0,0.0,16,16,15,16,0,0,0,0,340.6840769999999
233,22,367506.0,365252.0,367916.0,366891.3333333333,1434.4285737998018,0.0,0.0,0.0,0.0,18,17,19,19,0,0,0,0,342.1305042999993
234,21,427687.0,429220.0,428795.0,428567.3333333333,791.4520410822965,0.0,0.0,0.0,0.0,20,20,20,20,0,0,0,0,343.5928578999992
235,20,487099.0,490791.0,484736.0,487542.0,3051.711487018391,0.0,0.0,0.0,0.0,22,22,22,22,0,0,0,0,345.04275830000006
236,19,551102.0,550547.0,550661.0,550770.0,293.1160179860527,0.0,0.0,0.0,0.0,25,25,24,25,0,0,0,0,346.49384610000016
237,18,613577.0,613935.0,613544.0,613685.3333333334,216.84633576183236,0.0,0.0,0.0,0.0,27,27,28,28,0,0,0,0,347.96345499999916
238,17,672778.0,669519.0,668153.0,670150.0,2376.1895968125104,0.0,0.0,0.0,0.0,30,29,30,30,0,0,0,0,349.42638350000016
239,16,722893.0,722863.0,721296.0,722350.6666666666,913.4912880445731,0.0,0.0,0.0,0.0,32,32,32,32,0,0,0,0,350.8898871000001
240,15,776329.0,773916.0,773459.0,774568.0,1542.0937066209692,0.0,0.0,0.0,0.0,35,34,34,35,0,0,0,0,352.35938239999996
241,14,807272.0,809552.0,806531.0,807785.0,1574.4799141303772,0.0,0.0,0.0,0.0,35,36,35,36,0,0,0,0,353.818925399999
242,13,862365.0,860860.0,860218.0,861147.6666666666,1102.0282815487692,0.0,0.0,0.0,0.0,37,37,36,37,0,0,0,0,355.2806520999984
243,12,889881.0,890041.0,891767.0,890563.0,1045.7590544671368,0.0,0.0,0.0,0.0,39,39,37,39,0,0,0,0,356.73306649999904
244,11,921389.0,921278.0,921627.0,921431.3333333334,178.30965574901808,0.0,0.0,0.0,0.0,39,39,39,39,0,0,0,0,358.16743439999846
245,10,966549.0,968002.0,966899.0,967150.0,758.3224907649779,0.0,0.0,0.0,0.0,41,42,41,42,0,0,0,0,359.61921540000003
246,9,983234.0,983055.0,984443.0,983577.3333333334,755.0128034234474,0.0,0.0,0.0,0.0,42,42,42,42,0,0,0,0,361.0637650999997
247,8,1028970.0,1026839.0,1027234.0,1027681.0,1133.6432419416612,0.0,0.0,0.0,0.0,44,44,44,44,0,0,0,0,362.5281801000001
248,7,1051893.0,1051792.0,1050560.0,1051415.0,742.171812992113,0.0,0.0,0.0,0.0,45,44,44,45,0,0,0,0,363.980768899999
249,6,1073528.0,1076188.0,1071698.0,1073804.6666666667,2257.7496170597246,0.0,0.0,0.0,0.0,45,46,44,46,0,0,0,0,365.44960249999895
250,5,1120823.0,1118928.0,1119077.0,1119609.3333333333,1053.7031523789483,0.0,0.0,0.0,0.0,46,47,47,47,0,0,0,0,366.9087378999993
251,4,1134866.0,1139332.0,1137781.0,1137326.3333333333,2267.4501832087367,0.0,0.0,0.0,0.0,47,48,47,48,0,0,0,0,368.37777659999847
252,3,1182472.0,1184072.0,1187123.0,1184555.6666666667,2362.921990530651,0.0,0.0,0.0,0.0,49,49,49,49,0,0,0,0,369.8302813999999
253,2,1216245.0,1217889.0,1216840.0,1216991.3333333333,832.382324015433,0.0,0.0,0.0,0.0,51,50,50,51,0,0,0,0,371.2922807999985
254,1,1239440.0,1238834.0,1236920.0,1238398.0,1315.3600267607344,0.0,0.0,0.0,0.0,51,51,50,51,0,0,0,0,372.73582949999945
255,0,1258095.0,1260251.0,1261646.0,1259997.3333333333,1789.0389412568227,0.0,0.0,0.0,0.0,51,52,53,53,0,0,0,0,374.19622889999846
