gray,time_s,power_raw,reference_power_interpolated,power_corrected,peak,saturated,background
255,1.0302941999998438,10128.0,6724470.117011925,0.0015061409782129364,3,0,0.0
254,1.548066800000015,10063.0,6723203.890968058,0.0014967566302010592,3,0,0.0
253,2.0781049999986863,9971.0,6721907.66908787,0.00148335866704236,3,0,0.0
252,2.604328399998849,10265.0,6720620.776397967,0.001527388665649679,3,0,0.0
251,3.134381799998664,10097.0,6719324.51734579,0.001502680808753144,3,0,0.0
250,3.657225799999651,10054.0,6718045.889064416,0.001496566139324208,3,0,0.0
249,4.188479499998721,10199.0,6716746.694648105,0.0015184434464569805,3,0,0.0
248,4.72451159999946,10350.0,6715435.814533226,0.0015412253628574667,3,0,0.0
247,5.247780300000159,10231.0,6714156.147637216,0.0015237953623703552,3,0,0.0
246,5.77355979999993,10217.0,6712870.340516039,0.001522001689550671,3,0,0.0
245,6.307658499999889,10197.0,6711564.188579967,0.001519317958301086,3,0,0.0
244,6.833375399999568,10320.0,6710278.534548679,0.0015379391402109814,3,0,0.0
243,7.347994499999913,10351.0,6709020.020469157,0.0015428482801391555,3,0,0.0
242,7.871462999999494,10378.0,6707739.864957175,0.0015471679297250531,3,0,0.0
241,8.401455399998667,10489.0,6706443.7550820485,0.0015640181865465709,3,0,0.0
240,8.926280300000144,10553.0,6705160.282459412,0.0015738624515220722,3,0,0.0
239,9.975214199999755,10739.0,6703058.924461264,0.0016021043707090954,3,0,0.0
238,10.508656599999085,10949.0,6702224.935744992,0.0016336366064955044,3,0,0.0
237,11.039165999998659,11443.0,6701395.532507686,0.001707554783849326,3,0,0.0
236,11.56096339999931,11613.0,6700579.749690682,0.0017331336143765904,3,0,0.0
235,12.075317099999666,12222.0,6699775.604422188,0.0018242402017065865,3,0,0.0
234,12.598149999999805,12877.0,6698958.202695035,0.001922239191583476,3,0,0.0
233,13.12796939999862,13871.0,6698129.878210027,0.002070876536020053,3,0,0.0
232,13.656526199998552,14937.0,6697303.527685379,0.0022303005886254498,3,0,0.0
231,14.178801099998964,16861.0,6696486.998340518,0.0025178873645507545,3,0,0.0
230,14.703094999998939,18647.0,6695667.312472632,0.0027849352618318605,3,0,0.0
229,15.22600710000006,21997.0,6694849.786923476,0.00328565997745984,3,0,0.0
228,15.75798020000002,24561.0,6694018.09532423,0.0036690967443239885,3,0,0.0
227,16.283701499998642,28269.0,6693196.177846161,0.00422354272142324,3,0,0.0
226,16.80957959999978,32557.0,6692374.015225536,0.0048647908688203845,3,0,0.0
225,17.334920199999033,36550.0,6691552.69293732,0.005462110466316306,3,0,0.0
224,17.863416999998663,41516.0,6690726.4362172205,0.006205006346586212,3,0,0.0
223,18.923010799999247,46890.0,6688696.404921751,0.007010334624471351,3,0,0.0
222,19.455099299999347,52262.0,6687492.096695981,0.007814887740326532,4,0,0.0
221,19.990017899999657,57707.0,6686281.382932956,0.00863065681730054,4,0,0.0
220,20.523263600000064,64104.0,6685074.455546128,0.00958912281774476,4,0,0.0
219,20.982470599999942,70736.0,6684035.10444677,0.010582828919157022,4,0,0.0
218,21.492784299998675,77761.0,6682880.080448636,0.011635851468814587,5,0,0.0
217,21.95311369999945,85852.0,6681838.1889531715,0.012848560167460481,5,0,0.0
216,22.473388099999283,93101.0,6680660.620297624,0.01393589725500116,6,0,0.0
215,22.998692799999844,101651.0,6679471.666258501,0.015218419222210684,5,0,0.0
214,23.519954399998824,110997.0,6678291.863213225,0.01662056739559663,7,0,0.0
213,24.050570699999298,119154.0,6677090.887107149,0.017845196660431186,7,0,0.0
212,24.581674799999746,129891.0,6675888.8069337,0.019456735088980635,7,0,0.0
211,25.11382909999884,141610.0,6674684.349778796,0.021215984543852335,7,0,0.0
210,25.64121349999914,152786.0,6673490.688628323,0.02289446515005235,8,0,0.0
209,26.168692600000213,164511.0,6672296.813137587,0.024655827611877505,7,0,0.0
208,26.70016399999986,177397.0,6671093.901631737,0.026591890717744062,9,0,0.0
207,27.764574599999833,190802.0,6668560.093784234,0.02861217374015218,9,0,0.0
206,28.292441800000233,204157.0,6667241.556781863,0.03062090945127572,10,0,0.0
205,28.824370700000145,220805.0,6665912.87423201,0.0331244953490994,10,0,0.0
204,29.349045099999785,234848.0,6664602.312388812,0.03523811159196125,11,0,0.0
203,29.874775499998577,251231.0,6663289.112808181,0.037703751967940805,10,0,0.0
202,30.403335699998934,267656.0,6661968.844790618,0.04017671145509722,11,0,0.0
201,30.930510799998956,285450.0,6660652.036555368,0.042856164596705715,12,0,0.0
200,31.458651400000235,303333.0,6659332.816638777,0.04555005859477435,12,0,0.0
199,31.98537209999995,322220.0,6658017.14342994,0.04839579007662413,13,0,0.0
198,32.51535799999874,342516.0,6656693.314217057,0.051454375893879654,14,0,0.0
197,33.043475899999976,363647.0,6655374.151001829,0.05463960278555646,14,0,0.0
196,33.57334069999888,385447.0,6654050.6242794795,0.05792667080012445,15,0,0.0
195,34.105343999999604,407021.0,6652721.755889033,0.06118112479898958,16,0,0.0
194,34.63598929999898,430196.0,6651396.279588966,0.06467754767824248,17,0,0.0
193,35.16519460000018,455299.0,6650074.400203579,0.06846524904835079,17,0,0.0
192,35.69356429999971,480273.0,6648754.608027857,0.07223503171858794,18,0,0.0
191,36.72805189999963,506878.0,6645488.386249765,0.07627400283307777,19,0,0.0
190,37.24868069999866,533010.0,6643499.857572623,0.08023030201354579,19,0,0.0
189,37.77372219999961,561377.0,6641494.474698214,0.0845257045893287,21,0,0.0
188,38.30404069999895,590350.0,6639468.936454325,0.08891524392239487,21,0,0.0
187,38.82323139999971,619814.0,6637485.900564149,0.09338083866171668,23,0,0.0
186,39.34476050000012,652548.0,6635493.9332136735,0.09834203852311577,23,0,0.0
185,39.87029149999944,683612.0,6633486.680706267,0.10305470304000307,24,0,0.0
184,40.39607739999883,717535.0,6631478.454614687,0.10820136186986849,25,0,0.0
183,40.92528949999905,752053.0,6629457.142237916,0.11344111348250278,26,0,0.0
182,41.45002319999912,786067.0,6627452.934997911,0.1186077076230867,28,0,0.0
181,41.970623799999885,824443.0,6625464.5140299555,0.12443550157942518,28,0,0.0
180,42.495581299999685,862867.0,6623459.45199145,0.1302743688935191,30,0,0.0
179,43.02394660000027,901238.0,6621441.373946094,0.13610903564685659,31,0,0.0
178,43.54655490000005,940584.0,6619445.284618218,0.1420940818388,32,0,0.0
177,44.06884759999957,982207.0,6617450.400716649,0.14842680194378638,35,0,0.0
176,44.592004299998734,1026694.0,6615452.216788696,0.15519634430953272,35,0,0.0
175,45.64193030000024,1068757.0,6612926.591785721,0.16161634114123719,37,0,0.0
174,46.17128419999972,1113492.0,6612401.049454701,0.16839450476038886,38,0,0.0
173,46.690588299999945,1160596.0,6611885.4845609255,0.1755317757257061,40,0,0.0
172,47.21296919999986,1208649.0,6611366.8650213955,0.18281378490650263,41,0,0.0
171,47.73578540000017,1258851.0,6610847.813316206,0.19042202082829696,43,0,0.0
170,48.25893299999916,1308455.0,6610328.432597237,0.1979409969325685,45,0,0.0
169,48.78386419999879,1360558.0,6609807.281120931,0.2058392842838329,47,0,0.0
168,49.30967039999996,1413037.0,6609285.260944989,0.21379573497149457,48,0,0.0
167,49.83187249999901,1470478.0,6608766.818918024,0.2225041434039799,51,0,0.0
166,50.3475983999997,1525635.0,6608254.806459716,0.23086806497059678,54,0,0.0
165,50.86731949999921,1581542.0,6607738.827568515,0.23934692960344628,53,0,0.0
164,51.38767089999965,1641988.0,6607222.222915738,0.2485141175220527,55,0,0.0
163,51.91270389999954,1703098.0,6606700.970372434,0.25778342438041246,57,0,0.0
162,52.43384429999969,1760576.0,6606183.582400785,0.2665042498501352,59,0,0.0
161,52.967396399999416,1829701.0,6605653.872098557,0.27699014138909467,62,0,0.0
160,53.48521169999913,1891142.0,6605139.785284801,0.2863136983433966,65,0,0.0
159,54.53110829999969,1961483.0,6603963.900102293,0.2970160088200387,65,0,0.0
158,55.053452899999684,2032451.0,6603307.7963107545,0.30779286119837146,68,0,0.0
157,55.57443339999918,2100114.0,6602653.405930596,0.3180712163557833,70,0,0.0
156,56.095568299999286,2171065.0,6601998.821612517,0.3288496497292201,74,0,0.0
155,56.62206319999859,2242945.0,6601337.5047345115,0.33977129610345613,75,0,0.0
154,57.14895729999989,2318286.0,6600675.686431518,0.351219497841034,76,0,0.0
153,57.67972430000009,2393285.0,6600009.003477154,0.3626184447231996,80,0,0.0
152,58.20581239999956,2469974.0,6599348.197570302,0.37427544752213204,81,0,0.0
151,58.72793679999995,2551110.0,6598692.370366392,0.3866084152455117,84,0,0.0
150,59.24630400000024,2624721.0,6598041.262486021,0.3978030593599309,86,0,0.0
149,59.768767800000205,2707885.0,6597385.008970388,0.4104482300666279,89,0,0.0
148,60.2889825000002,2793378.0,6596731.580492169,0.4234487891337837,92,0,0.0
147,60.811088700000255,2875778.0,6596075.776148818,0.4359831659907113,95,0,0.0
146,61.33475769999859,2959905.0,6595418.008812063,0.44878201746201746,97,0,0.0
145,61.86002819999885,3047878.0,6594758.229871813,0.4621667533154197,102,0,0.0
144,62.38383199999953,3133688.0,6594100.293216198,0.47522601426366523,102,0,0.0
143,63.433460999998715,3223989.0,6592138.905715104,0.48906569568868435,106,0,0.0
142,63.955707600000096,3308285.0,6590843.0114159845,0.5019517221499172,107,0,0.0
141,64.48122770000009,3402698.0,6589538.99430671,0.5163787638163906,111,0,0.0
140,65.0063040999994,3494771.0,6588236.0781874675,0.5304562493700847,113,0,0.0
139,65.5276044000002,3583759.0,6586942.532021923,0.5440701786265519,119,0,0.0
138,66.05500239999856,3675528.0,6585633.855121847,0.5581130200764852,119,0,0.0
137,66.57840599999872,3772558.0,6584335.089861572,0.5729596000982559,120,0,0.0
136,67.1075495999994,3867128.0,6583022.081457775,0.5874396215216166,131,0,0.0
135,67.6276332999987,3961805.0,6581731.554143873,0.6019396214216057,129,0,0.0
134,68.14995479999925,4053605.0,6580435.473989103,0.6160086237488289,132,0,0.0
133,68.67219739999928,4151322.0,6579139.589615523,0.630982508191865,135,0,0.0
132,69.19655809999858,4246849.0,6577838.449422729,0.6456298725872027,138,0,0.0
131,69.71051420000003,4346630.0,6576563.127036738,0.6609272831474364,142,0,0.0
130,70.23282969999855,4433873.0,6575267.061770276,0.6743259183766532,141,0,0.0
129,70.75576869999895,4531570.0,6573969.4493609555,0.6893202097920468,147,0,0.0
128,71.28143660000023,4626278.0,6572665.065503138,0.7038663850804115,148,0,0.0
127,72.32806199999868,4720745.0,6569197.618612866,0.7186182048511458,150,0,0.0
126,72.85251779999999,4813261.0,6567022.2738008965,0.7329442172295473,153,0,0.0
125,73.369807699999,4905786.0,6564876.651805211,0.7472777114023926,155,0,0.0
124,73.88991929999975,4993361.0,6562719.3259243565,0.7608676757323745,155,0,0.0
123,74.4123354000003,5090902.0,6560552.441407448,0.7759867854829371,161,0,0.0
122,74.94200809999893,5177309.0,6558355.457867593,0.7894218349798577,162,0,0.0
121,75.46655829999872,5263777.0,6556179.7215020405,0.802872590990238,161,0,0.0
120,75.99056339999879,5348095.0,6554006.246109589,0.8160039522657749,166,0,0.0
119,76.51686689999951,5435186.0,6551823.237382743,0.8295684732439751,170,0,0.0
118,77.04211079999914,5523426.0,6549644.623679013,0.8433168999782199,171,0,0.0
117,77.57070899999962,5600937.0,6547452.096964683,0.8554376446062926,172,0,0.0
116,78.09730369999852,5678034.0,6545267.880394572,0.8675021563300336,175,0,0.0
115,78.62215990000004,5755905.0,6543090.874798103,0.8796920461810959,180,0,0.0
114,79.14778440000009,5833930.0,6540910.68243658,0.8919140289845359,182,0,0.0
113,79.66729609999857,5900082.0,6538755.844829013,0.9023248673011565,179,0,0.0
112,80.19494219999979,5965893.0,6536567.267247849,0.9126951129062387,180,0,0.0
111,81.2556956999997,6035406.0,6532760.493473846,0.9238676369705122,182,0,0.0
110,81.78110169999854,6090104.0,6531162.177036242,0.9324686533451864,181,0,0.0
109,82.31234889999905,6155778.0,6529546.091319303,0.942757415892016,186,0,0.0
108,82.83790939999926,6212552.0,6527947.304883465,0.9516853782432462,184,0,0.0
107,83.35881369999879,6262682.0,6526362.682886171,0.9595976050216132,186,0,0.0
106,83.89925369999946,6309243.0,6524718.6321224915,0.9669754905504029,188,0,0.0
105,84.42995410000003,6348637.0,6523104.209803816,0.9732539594352022,190,0,0.0
104,84.95441599999867,6389933.0,6521508.765374809,0.9798243366514517,185,0,0.0
103,85.47629549999874,6418590.0,6519921.176760859,0.9844582205806358,192,0,0.0
102,85.99739330000011,6453680.0,6518335.966125001,0.9900809092288261,185,0,0.0
101,86.52986689999852,6475017.0,6516716.149626008,0.9936012020980227,188,0,0.0
100,87.05920679999872,6499690.0,6515105.866029604,0.9976338272398636,192,0,0.0
99,87.58360109999921,6513880.0,6513510.62724383,1.0000567087055365,185,0,0.0
98,88.11252889999923,6520322.0,6511901.597280243,1.0012930789254053,189,0,0.0
97,88.64306119999856,6529954.0,6510287.686331813,1.00302080562576,189,0,0.0
96,89.16791449999982,6524327.0,6508691.051240617,1.002402318474834,186,0,0.0
95,90.22193619999962,6517194.0,6505783.078029709,1.0017539659459023,183,0,0.0
94,90.74872959999993,6500461.0,6504476.965487314,0.999382584409381,184,0,0.0
93,91.26940829999876,6482552.0,6503186.013511406,0.9968270916027104,187,0,0.0
92,91.79014579999966,6463067.0,6501894.915748894,0.9940282154276524,180,0,0.0
91,92.31079849999878,6437406.0,6500604.028236446,0.9902781298534821,185,0,0.0
90,92.82689789999858,6399355.0,6499324.430011675,0.9846184890309445,178,0,0.0
89,93.34936879999987,6352897.0,6498029.0345197655,0.9776652222160328,177,0,0.0
88,93.87402939999993,6307284.0,6496728.209964712,0.9708400592048562,170,0,0.0
87,94.39340059999995,6260451.0,6495440.499757109,0.9638223920662661,172,0,0.0
86,94.9189312999988,6194576.0,6494137.517907524,0.9538720088569905,168,0,0.0
85,95.44597859999885,6134022.0,6492830.775854634,0.9447376978945821,166,0,0.0
84,95.97130049999942,6054876.0,6491528.311696228,0.9327350524052277,162,0,0.0
83,96.50248659999852,5988627.0,6490211.308052002,0.9227167985378661,163,0,0.0
82,97.02253810000002,5901603.0,6488921.911133129,0.9094889845837938,160,0,0.0
81,97.5432953999989,5812097.0,6487630.764279217,0.8958735802292118,156,0,0.0
80,98.06696779999947,5719782.0,6486332.389831576,0.881820674032482,152,0,0.0
79,99.1116280999995,5618251.0,6483404.613053784,0.8665587504269175,146,0,0.0
78,99.63593419999961,5515161.0,6481766.660651916,0.8508731166581832,145,0,0.0
77,100.16418309999972,5405341.0,6480116.390791352,0.834142579241528,141,0,0.0
76,100.68797590000031,5294519.0,6478480.041958405,0.8172470958789123,139,0,0.0
75,101.21074969999972,5175088.0,6476846.876520615,0.7990134858306355,133,0,0.0
74,101.73955810000007,5044438.0,6475194.858760553,0.7790403393305108,132,0,0.0
73,102.27096489999894,4919617.0,6473534.723499058,0.7599583859713758,126,0,0.0
72,102.79414739999993,4788007.0,6471900.281266759,0.7398147054056329,123,0,0.0
71,103.31931059999988,4645066.0,6470259.651251559,0.7179102926884074,120,0,0.0
70,103.84502169999905,4510951.0,6468617.309575709,0.697359386730498,115,0,0.0
69,104.35912699999972,4355263.0,6467011.224864985,0.6734583950085732,111,0,0.0
68,104.88250539999899,4217153.0,6465376.170633565,0.6522672291141796,105,0,0.0
67,105.40531039999951,4061031.0,6463742.907725772,0.6282785466522908,102,0,0.0
66,105.92893980000008,3904487.0,6462107.069360703,0.6042126752298258,96,0,0.0
65,106.4541664999997,3751865.0,6460466.240969064,0.5807421415203037,94,0,0.0
64,106.97982619999857,3596018.0,6458824.05986879,0.556760482506943,89,0,0.0
63,108.02858599999854,3439133.0,6455591.677043016,0.5327370707521724,84,0,0.0
62,108.54764789999899,3267950.0,6454013.641483938,0.5063438321535089,79,0,0.0
61,109.0724842999989,3113798.0,6452418.050472736,0.4825784652579768,76,0,0.0
60,109.59451959999933,2949486.0,6450830.975277092,0.45722574522630494,73,0,0.0
59,110.1187246999998,2789247.0,6449237.303524166,0.4324925365168102,69,0,0.0
58,110.64462819999972,2634063.0,6447638.46834932,0.40853143564582567,67,0,0.0
57,111.17038299999876,2469123.0,6446040.085247509,0.3830449341528091,62,0,0.0
56,111.69646779999857,2313938.0,6444440.698890142,0.35905955351540514,60,0,0.0
55,112.2194485,2152414.0,6442850.749519339,0.3340778924858035,55,0,0.0
54,112.73551459999908,1997926.0,6441281.821696602,0.3101752190488315,51,0,0.0
53,113.26124119999986,1854244.0,6439683.524327534,0.2879402369689635,49,0,0.0
52,113.78557649999857,1699438.0,6438089.456744694,0.26396619857768966,47,0,0.0
51,114.30698800000027,1558213.0,6436504.278006062,0.24208995018064564,43,0,0.0
50,114.82772709999881,1420691.0,6434921.143476637,0.2207783076627469,40,0,0.0
49,115.34576000000015,1278609.0,6433346.236250786,0.19874711433923156,36,0,0.0
48,115.87153679999938,1157684.0,6431747.786265272,0.17999524211322243,34,0,0.0
47,116.91176809999888,1027635.0,6428367.037332396,0.1598594159344146,31,0,0.0
46,117.43651669999963,910790.0,6426551.97815811,0.14172296483331925,28,0,0.0
45,117.96018989999902,798093.0,6424740.638697679,0.12422182386521624,26,0,0.0
44,118.48531459999867,689175.0,6422924.278626633,0.10729925655411296,22,0,0.0
43,119.01159980000011,593379.0,6421103.904488327,0.09241074569518029,20,0,0.0
42,119.53531309999926,499738.0,6419292.426325531,0.07784939005903103,19,0,0.0
41,120.05619060000026,418164.0,6417490.756945079,0.06516004710212606,16,0,0.0
40,120.57977149999897,346406.0,6415679.736742219,0.05399365526557588,14,0,0.0
39,121.10449879999942,278989.0,6413864.751242757,0.04349779903699136,12,0,0.0
38,121.62762789999942,222758.0,6412055.293776287,0.03474049891868757,11,0,0.0
37,122.15416929999992,173412.0,6410234.033464757,0.027052366433846117,9,0,0.0
36,122.67694289999963,134728.0,6408425.805641466,0.02102357179221709,8,0,0.0
35,123.20046879999973,104419.0,6406614.975678755,0.016298622657425613,6,0,0.0
34,123.72686479999902,80456.0,6404794.218293019,0.012561839968285948,5,0,0.0
33,124.25645889999942,66940.0,6402962.398961147,0.010454535858411525,4,0,0.0
32,124.78319670000019,58936.0,6401140.45931932,0.009207109322870116,3,0,0.0
31,125.84588019999865,59388.0,6397450.651441322,0.009283072779407858,3,0,0.0
30,126.3682461999997,68373.0,6395629.964898687,0.010690580970952577,4,0,0.0
29,126.89802719999898,88826.0,6393783.433659593,0.013892556875226988,6,0,0.0
28,127.42215639999995,115865.0,6391956.601551374,0.01812668752661411,7,0,0.0
27,127.94798329999867,152480.0,6390123.852175302,0.023861822325727432,9,0,0.0
26,128.47018559999924,195935.0,6388303.736202704,0.03067089607678336,11,0,0.0
25,129.00099500000033,243407.0,6386453.620515075,0.038113014587330386,13,0,0.0
24,129.52741959999912,300819.0,6384618.787878709,0.04711620380078278,15,0,0.0
23,130.05029730000024,360711.0,6382796.317825463,0.05651300496502286,17,0,0.0
22,130.5754896999988,428476.0,6380965.7799746655,0.06714908287781182,20,0,0.0
21,131.10131009999895,500018.0,6379133.053254087,0.07838337840358003,23,0,0.0
20,131.62250379999932,570049.0,6377316.4527178835,0.08938697087190281,25,0,0.0
19,132.14575049999985,641110.0,6375492.6965293735,0.1005585027724996,28,0,0.0
18,132.67107789999864,717175.0,6373661.688141283,0.1125216610311091,32,0,0.0
17,133.19354459999886,782985.0,6371840.650612686,0.12288207488753064,34,0,0.0
16,133.71966090000024,844294.0,6370006.892544067,0.13254208578458915,38,0,0.0
15,134.76874279999902,908671.0,6366251.308590622,0.14273250551291292,39,0,0.0
14,135.29351560000032,946656.0,6364322.670286947,0.1487441867804164,40,0,0.0
13,135.81921220000004,1012809.0,6362390.636845297,0.15918686195322757,41,0,0.0
12,136.34201699999903,1049274.0,6360469.2313101385,0.16496801758505938,44,0,0.0
11,136.87077399999907,1089990.0,6358525.950325428,0.17142180570077167,46,0,0.0
10,137.40126319999945,1145006.0,6356576.3031813605,0.18012935665177865,47,0,0.0
9,137.92503020000004,1164530.0,6354651.361381024,0.18325631632242978,48,0,0.0
8,138.44956189999903,1218385.0,6352723.609165004,0.1917893922289094,48,0,0.0
7,138.9689682999997,1248658.0,6350814.69338619,0.19661382992332727,51,0,0.0
6,139.48959229999855,1277558.0,6348901.302699386,0.20122505282241762,52,0,0.0
5,140.00811590000012,1334786.0,6346995.631375873,0.21030201965187914,56,0,0.0
4,140.5323155999995,1360214.0,6345069.099322018,0.2143733943173828,54,0,0.0
3,141.05631279999943,1419642.0,6343143.311493579,0.22380733498920838,57,0,0.0
2,141.57937649999985,1458454.0,6341220.954452437,0.22999577060565257,58,0,0.0
1,142.10011229999873,1484695.0,6339307.152879699,0.2342046164028448,60,0,0.0
0,142.62419469999986,1514141.0,6337381.0519253025,0.23892219634481385,61,0,0.0
